{
  "id" : "77562800-7a0d-11ea-868e-457802e29801-0",
  "name" : "t9.txt",
  "createdDate" : 0,
  "version" : 3,
  "text" : "98866xx9xx9\nHi Please provide your full name Daniel please please give your order whole gram 2 kg Ghee 1 kg Cookies 9 Rice 10 kgs Ghee 1 kg Ghee 1 kg whole gram 2 kg whole gram 2 kg and Dettol Please provide your address house number 111 Faizabad NCR 515042 Thanks will you and bring you home",
  "docLength" : 0,
  "language" : "EN",
  "status" : "SUBMITTED",
  "modifiedDate" : 1586401041071,
  "documentSet" : [ ],
  "preannotation" : [ ],
  "sentences" : [ {
    "id" : "s0",
    "begin" : 0,
    "end" : 292,
    "text" : "98866xx9xx9\nHi Please provide your full name Daniel please please give your order whole gram 2 kg Ghee 1 kg Cookies 9 Rice 10 kgs Ghee 1 kg Ghee 1 kg whole gram 2 kg whole gram 2 kg and Dettol Please provide your address house number 111 Faizabad NCR 515042 Thanks will you and bring you home",
    "tokens" : [ {
      "id" : "s0-t0",
      "begin" : 0,
      "end" : 11,
      "text" : "98866xx9xx9",
      "whiteSpace" : false
    }, {
      "id" : "s0-t1",
      "begin" : 12,
      "end" : 14,
      "text" : "Hi",
      "whiteSpace" : false
    }, {
      "id" : "s0-t2",
      "begin" : 15,
      "end" : 21,
      "text" : "Please",
      "whiteSpace" : false
    }, {
      "id" : "s0-t3",
      "begin" : 22,
      "end" : 29,
      "text" : "provide",
      "whiteSpace" : false
    }, {
      "id" : "s0-t4",
      "begin" : 30,
      "end" : 34,
      "text" : "your",
      "whiteSpace" : false
    }, {
      "id" : "s0-t5",
      "begin" : 35,
      "end" : 39,
      "text" : "full",
      "whiteSpace" : false
    }, {
      "id" : "s0-t6",
      "begin" : 40,
      "end" : 44,
      "text" : "name",
      "whiteSpace" : false
    }, {
      "id" : "s0-t7",
      "begin" : 45,
      "end" : 51,
      "text" : "Daniel",
      "whiteSpace" : false
    }, {
      "id" : "s0-t8",
      "begin" : 52,
      "end" : 58,
      "text" : "please",
      "whiteSpace" : false
    }, {
      "id" : "s0-t9",
      "begin" : 59,
      "end" : 65,
      "text" : "please",
      "whiteSpace" : false
    }, {
      "id" : "s0-t10",
      "begin" : 66,
      "end" : 70,
      "text" : "give",
      "whiteSpace" : false
    }, {
      "id" : "s0-t11",
      "begin" : 71,
      "end" : 75,
      "text" : "your",
      "whiteSpace" : false
    }, {
      "id" : "s0-t12",
      "begin" : 76,
      "end" : 81,
      "text" : "order",
      "whiteSpace" : false
    }, {
      "id" : "s0-t13",
      "begin" : 82,
      "end" : 87,
      "text" : "whole",
      "whiteSpace" : false
    }, {
      "id" : "s0-t14",
      "begin" : 88,
      "end" : 92,
      "text" : "gram",
      "whiteSpace" : false
    }, {
      "id" : "s0-t15",
      "begin" : 93,
      "end" : 94,
      "text" : "2",
      "whiteSpace" : false
    }, {
      "id" : "s0-t16",
      "begin" : 95,
      "end" : 97,
      "text" : "kg",
      "whiteSpace" : false
    }, {
      "id" : "s0-t17",
      "begin" : 98,
      "end" : 102,
      "text" : "Ghee",
      "whiteSpace" : false
    }, {
      "id" : "s0-t18",
      "begin" : 103,
      "end" : 104,
      "text" : "1",
      "whiteSpace" : false
    }, {
      "id" : "s0-t19",
      "begin" : 105,
      "end" : 107,
      "text" : "kg",
      "whiteSpace" : false
    }, {
      "id" : "s0-t20",
      "begin" : 108,
      "end" : 115,
      "text" : "Cookies",
      "whiteSpace" : false
    }, {
      "id" : "s0-t21",
      "begin" : 116,
      "end" : 117,
      "text" : "9",
      "whiteSpace" : false
    }, {
      "id" : "s0-t22",
      "begin" : 118,
      "end" : 122,
      "text" : "Rice",
      "whiteSpace" : false
    }, {
      "id" : "s0-t23",
      "begin" : 123,
      "end" : 125,
      "text" : "10",
      "whiteSpace" : false
    }, {
      "id" : "s0-t24",
      "begin" : 126,
      "end" : 129,
      "text" : "kgs",
      "whiteSpace" : false
    }, {
      "id" : "s0-t25",
      "begin" : 130,
      "end" : 134,
      "text" : "Ghee",
      "whiteSpace" : false
    }, {
      "id" : "s0-t26",
      "begin" : 135,
      "end" : 136,
      "text" : "1",
      "whiteSpace" : false
    }, {
      "id" : "s0-t27",
      "begin" : 137,
      "end" : 139,
      "text" : "kg",
      "whiteSpace" : false
    }, {
      "id" : "s0-t28",
      "begin" : 140,
      "end" : 144,
      "text" : "Ghee",
      "whiteSpace" : false
    }, {
      "id" : "s0-t29",
      "begin" : 145,
      "end" : 146,
      "text" : "1",
      "whiteSpace" : false
    }, {
      "id" : "s0-t30",
      "begin" : 147,
      "end" : 149,
      "text" : "kg",
      "whiteSpace" : false
    }, {
      "id" : "s0-t31",
      "begin" : 150,
      "end" : 155,
      "text" : "whole",
      "whiteSpace" : false
    }, {
      "id" : "s0-t32",
      "begin" : 156,
      "end" : 160,
      "text" : "gram",
      "whiteSpace" : false
    }, {
      "id" : "s0-t33",
      "begin" : 161,
      "end" : 162,
      "text" : "2",
      "whiteSpace" : false
    }, {
      "id" : "s0-t34",
      "begin" : 163,
      "end" : 165,
      "text" : "kg",
      "whiteSpace" : false
    }, {
      "id" : "s0-t35",
      "begin" : 166,
      "end" : 171,
      "text" : "whole",
      "whiteSpace" : false
    }, {
      "id" : "s0-t36",
      "begin" : 172,
      "end" : 176,
      "text" : "gram",
      "whiteSpace" : false
    }, {
      "id" : "s0-t37",
      "begin" : 177,
      "end" : 178,
      "text" : "2",
      "whiteSpace" : false
    }, {
      "id" : "s0-t38",
      "begin" : 179,
      "end" : 181,
      "text" : "kg",
      "whiteSpace" : false
    }, {
      "id" : "s0-t39",
      "begin" : 182,
      "end" : 185,
      "text" : "and",
      "whiteSpace" : false
    }, {
      "id" : "s0-t40",
      "begin" : 186,
      "end" : 192,
      "text" : "Dettol",
      "whiteSpace" : false
    }, {
      "id" : "s0-t41",
      "begin" : 193,
      "end" : 199,
      "text" : "Please",
      "whiteSpace" : false
    }, {
      "id" : "s0-t42",
      "begin" : 200,
      "end" : 207,
      "text" : "provide",
      "whiteSpace" : false
    }, {
      "id" : "s0-t43",
      "begin" : 208,
      "end" : 212,
      "text" : "your",
      "whiteSpace" : false
    }, {
      "id" : "s0-t44",
      "begin" : 213,
      "end" : 220,
      "text" : "address",
      "whiteSpace" : false
    }, {
      "id" : "s0-t45",
      "begin" : 221,
      "end" : 226,
      "text" : "house",
      "whiteSpace" : false
    }, {
      "id" : "s0-t46",
      "begin" : 227,
      "end" : 233,
      "text" : "number",
      "whiteSpace" : false
    }, {
      "id" : "s0-t47",
      "begin" : 234,
      "end" : 237,
      "text" : "111",
      "whiteSpace" : false
    }, {
      "id" : "s0-t48",
      "begin" : 238,
      "end" : 246,
      "text" : "Faizabad",
      "whiteSpace" : false
    }, {
      "id" : "s0-t49",
      "begin" : 247,
      "end" : 250,
      "text" : "NCR",
      "whiteSpace" : false
    }, {
      "id" : "s0-t50",
      "begin" : 251,
      "end" : 257,
      "text" : "515042",
      "whiteSpace" : false
    }, {
      "id" : "s0-t51",
      "begin" : 258,
      "end" : 264,
      "text" : "Thanks",
      "whiteSpace" : false
    }, {
      "id" : "s0-t52",
      "begin" : 265,
      "end" : 269,
      "text" : "will",
      "whiteSpace" : false
    }, {
      "id" : "s0-t53",
      "begin" : 270,
      "end" : 273,
      "text" : "you",
      "whiteSpace" : false
    }, {
      "id" : "s0-t54",
      "begin" : 274,
      "end" : 277,
      "text" : "and",
      "whiteSpace" : false
    }, {
      "id" : "s0-t55",
      "begin" : 278,
      "end" : 283,
      "text" : "bring",
      "whiteSpace" : false
    }, {
      "id" : "s0-t56",
      "begin" : 284,
      "end" : 287,
      "text" : "you",
      "whiteSpace" : false
    }, {
      "id" : "s0-t57",
      "begin" : 288,
      "end" : 292,
      "text" : "home",
      "whiteSpace" : false
    } ]
  } ],
  "mentions" : [ {
    "id" : "s0-m1",
    "properties" : {
      "SIRE_MENTION_ROLE" : "CUSTOMER_PHONE",
      "SIRE_ENTITY_SUBTYPE" : "NONE",
      "SIRE_MENTION_TYPE" : "NONE",
      "SIRE_MENTION_CLASS" : "SPC"
    },
    "type" : "CUSTOMER_PHONE",
    "begin" : 0,
    "end" : 11,
    "inCoref" : false
  }, {
    "id" : "s0-m2",
    "properties" : {
      "SIRE_MENTION_ROLE" : "CUSTOMER_NAME",
      "SIRE_ENTITY_SUBTYPE" : "NONE",
      "SIRE_MENTION_TYPE" : "NONE",
      "SIRE_MENTION_CLASS" : "SPC"
    },
    "type" : "CUSTOMER_NAME",
    "begin" : 45,
    "end" : 51,
    "inCoref" : false
  }, {
    "id" : "s0-m3",
    "properties" : {
      "SIRE_MENTION_ROLE" : "ORDER_ITEMS",
      "SIRE_ENTITY_SUBTYPE" : "NONE",
      "SIRE_MENTION_TYPE" : "NONE",
      "SIRE_MENTION_CLASS" : "SPC"
    },
    "type" : "ORDER_ITEMS",
    "begin" : 82,
    "end" : 192,
    "inCoref" : false
  }, {
    "id" : "s0-m4",
    "properties" : {
      "SIRE_MENTION_ROLE" : "ADDRESS",
      "SIRE_ENTITY_SUBTYPE" : "NONE",
      "SIRE_MENTION_TYPE" : "NONE",
      "SIRE_MENTION_CLASS" : "SPC"
    },
    "type" : "ADDRESS",
    "begin" : 221,
    "end" : 257,
    "inCoref" : false
  } ],
  "relations" : [ ],
  "corefs" : [ ],
  "typeResolved" : true,
  "userResolved" : false
}