{
  "id" : "77562800-7a0d-11ea-868e-457802e29801-5",
  "name" : "t4.txt",
  "createdDate" : 0,
  "version" : 3,
  "text" : "98866xx9xx4\nHi Please provide your full name Mukesh please please give your order whole gram 2 kg Ghee 1 kg Atta 2 kg Rice 10 kgs and Dettol Please provide your address house number 104 Mukesh Vihar Mumbai 560016 Thanks will you and bring you home",
  "docLength" : 0,
  "language" : "EN",
  "status" : "SUBMITTED",
  "modifiedDate" : 1586401379632,
  "documentSet" : [ ],
  "preannotation" : [ ],
  "sentences" : [ {
    "id" : "s0",
    "begin" : 0,
    "end" : 247,
    "text" : "98866xx9xx4\nHi Please provide your full name Mukesh please please give your order whole gram 2 kg Ghee 1 kg Atta 2 kg Rice 10 kgs and Dettol Please provide your address house number 104 Mukesh Vihar Mumbai 560016 Thanks will you and bring you home",
    "tokens" : [ {
      "id" : "s0-t0",
      "begin" : 0,
      "end" : 11,
      "text" : "98866xx9xx4",
      "whiteSpace" : false
    }, {
      "id" : "s0-t1",
      "begin" : 12,
      "end" : 14,
      "text" : "Hi",
      "whiteSpace" : false
    }, {
      "id" : "s0-t2",
      "begin" : 15,
      "end" : 21,
      "text" : "Please",
      "whiteSpace" : false
    }, {
      "id" : "s0-t3",
      "begin" : 22,
      "end" : 29,
      "text" : "provide",
      "whiteSpace" : false
    }, {
      "id" : "s0-t4",
      "begin" : 30,
      "end" : 34,
      "text" : "your",
      "whiteSpace" : false
    }, {
      "id" : "s0-t5",
      "begin" : 35,
      "end" : 39,
      "text" : "full",
      "whiteSpace" : false
    }, {
      "id" : "s0-t6",
      "begin" : 40,
      "end" : 44,
      "text" : "name",
      "whiteSpace" : false
    }, {
      "id" : "s0-t7",
      "begin" : 45,
      "end" : 51,
      "text" : "Mukesh",
      "whiteSpace" : false
    }, {
      "id" : "s0-t8",
      "begin" : 52,
      "end" : 58,
      "text" : "please",
      "whiteSpace" : false
    }, {
      "id" : "s0-t9",
      "begin" : 59,
      "end" : 65,
      "text" : "please",
      "whiteSpace" : false
    }, {
      "id" : "s0-t10",
      "begin" : 66,
      "end" : 70,
      "text" : "give",
      "whiteSpace" : false
    }, {
      "id" : "s0-t11",
      "begin" : 71,
      "end" : 75,
      "text" : "your",
      "whiteSpace" : false
    }, {
      "id" : "s0-t12",
      "begin" : 76,
      "end" : 81,
      "text" : "order",
      "whiteSpace" : false
    }, {
      "id" : "s0-t13",
      "begin" : 82,
      "end" : 87,
      "text" : "whole",
      "whiteSpace" : false
    }, {
      "id" : "s0-t14",
      "begin" : 88,
      "end" : 92,
      "text" : "gram",
      "whiteSpace" : false
    }, {
      "id" : "s0-t15",
      "begin" : 93,
      "end" : 94,
      "text" : "2",
      "whiteSpace" : false
    }, {
      "id" : "s0-t16",
      "begin" : 95,
      "end" : 97,
      "text" : "kg",
      "whiteSpace" : false
    }, {
      "id" : "s0-t17",
      "begin" : 98,
      "end" : 102,
      "text" : "Ghee",
      "whiteSpace" : false
    }, {
      "id" : "s0-t18",
      "begin" : 103,
      "end" : 104,
      "text" : "1",
      "whiteSpace" : false
    }, {
      "id" : "s0-t19",
      "begin" : 105,
      "end" : 107,
      "text" : "kg",
      "whiteSpace" : false
    }, {
      "id" : "s0-t20",
      "begin" : 108,
      "end" : 112,
      "text" : "Atta",
      "whiteSpace" : false
    }, {
      "id" : "s0-t21",
      "begin" : 113,
      "end" : 114,
      "text" : "2",
      "whiteSpace" : false
    }, {
      "id" : "s0-t22",
      "begin" : 115,
      "end" : 117,
      "text" : "kg",
      "whiteSpace" : false
    }, {
      "id" : "s0-t23",
      "begin" : 118,
      "end" : 122,
      "text" : "Rice",
      "whiteSpace" : false
    }, {
      "id" : "s0-t24",
      "begin" : 123,
      "end" : 125,
      "text" : "10",
      "whiteSpace" : false
    }, {
      "id" : "s0-t25",
      "begin" : 126,
      "end" : 129,
      "text" : "kgs",
      "whiteSpace" : false
    }, {
      "id" : "s0-t26",
      "begin" : 130,
      "end" : 133,
      "text" : "and",
      "whiteSpace" : false
    }, {
      "id" : "s0-t27",
      "begin" : 134,
      "end" : 140,
      "text" : "Dettol",
      "whiteSpace" : false
    }, {
      "id" : "s0-t28",
      "begin" : 141,
      "end" : 147,
      "text" : "Please",
      "whiteSpace" : false
    }, {
      "id" : "s0-t29",
      "begin" : 148,
      "end" : 155,
      "text" : "provide",
      "whiteSpace" : false
    }, {
      "id" : "s0-t30",
      "begin" : 156,
      "end" : 160,
      "text" : "your",
      "whiteSpace" : false
    }, {
      "id" : "s0-t31",
      "begin" : 161,
      "end" : 168,
      "text" : "address",
      "whiteSpace" : false
    }, {
      "id" : "s0-t32",
      "begin" : 169,
      "end" : 174,
      "text" : "house",
      "whiteSpace" : false
    }, {
      "id" : "s0-t33",
      "begin" : 175,
      "end" : 181,
      "text" : "number",
      "whiteSpace" : false
    }, {
      "id" : "s0-t34",
      "begin" : 182,
      "end" : 185,
      "text" : "104",
      "whiteSpace" : false
    }, {
      "id" : "s0-t35",
      "begin" : 186,
      "end" : 192,
      "text" : "Mukesh",
      "whiteSpace" : false
    }, {
      "id" : "s0-t36",
      "begin" : 193,
      "end" : 198,
      "text" : "Vihar",
      "whiteSpace" : false
    }, {
      "id" : "s0-t37",
      "begin" : 199,
      "end" : 205,
      "text" : "Mumbai",
      "whiteSpace" : false
    }, {
      "id" : "s0-t38",
      "begin" : 206,
      "end" : 212,
      "text" : "560016",
      "whiteSpace" : false
    }, {
      "id" : "s0-t39",
      "begin" : 213,
      "end" : 219,
      "text" : "Thanks",
      "whiteSpace" : false
    }, {
      "id" : "s0-t40",
      "begin" : 220,
      "end" : 224,
      "text" : "will",
      "whiteSpace" : false
    }, {
      "id" : "s0-t41",
      "begin" : 225,
      "end" : 228,
      "text" : "you",
      "whiteSpace" : false
    }, {
      "id" : "s0-t42",
      "begin" : 229,
      "end" : 232,
      "text" : "and",
      "whiteSpace" : false
    }, {
      "id" : "s0-t43",
      "begin" : 233,
      "end" : 238,
      "text" : "bring",
      "whiteSpace" : false
    }, {
      "id" : "s0-t44",
      "begin" : 239,
      "end" : 242,
      "text" : "you",
      "whiteSpace" : false
    }, {
      "id" : "s0-t45",
      "begin" : 243,
      "end" : 247,
      "text" : "home",
      "whiteSpace" : false
    } ]
  } ],
  "mentions" : [ {
    "id" : "s0-m1",
    "properties" : {
      "SIRE_MENTION_ROLE" : "CUSTOMER_PHONE",
      "SIRE_ENTITY_SUBTYPE" : "NONE",
      "SIRE_MENTION_TYPE" : "NONE",
      "SIRE_MENTION_CLASS" : "SPC"
    },
    "type" : "CUSTOMER_PHONE",
    "begin" : 0,
    "end" : 11,
    "inCoref" : false
  }, {
    "id" : "s0-m2",
    "properties" : {
      "SIRE_MENTION_ROLE" : "CUSTOMER_NAME",
      "SIRE_ENTITY_SUBTYPE" : "NONE",
      "SIRE_MENTION_TYPE" : "NONE",
      "SIRE_MENTION_CLASS" : "SPC"
    },
    "type" : "CUSTOMER_NAME",
    "begin" : 45,
    "end" : 51,
    "inCoref" : false
  }, {
    "id" : "s0-m3",
    "properties" : {
      "SIRE_MENTION_ROLE" : "ORDER_ITEMS",
      "SIRE_ENTITY_SUBTYPE" : "NONE",
      "SIRE_MENTION_TYPE" : "NONE",
      "SIRE_MENTION_CLASS" : "SPC"
    },
    "type" : "ORDER_ITEMS",
    "begin" : 82,
    "end" : 140,
    "inCoref" : false
  }, {
    "id" : "s0-m4",
    "properties" : {
      "SIRE_MENTION_ROLE" : "ADDRESS",
      "SIRE_ENTITY_SUBTYPE" : "NONE",
      "SIRE_MENTION_TYPE" : "NONE",
      "SIRE_MENTION_CLASS" : "SPC"
    },
    "type" : "ADDRESS",
    "begin" : 169,
    "end" : 212,
    "inCoref" : false
  } ],
  "relations" : [ ],
  "corefs" : [ ],
  "typeResolved" : true,
  "userResolved" : false
}