{
  "id" : "ee606970-7a11-11ea-868e-457802e29801-3",
  "name" : "t1.txt",
  "createdDate" : 0,
  "version" : 3,
  "text" : "98866xx9xx0\nHi Please provide your full name Vijender please please give your order black gram 2 kg onions 1 kg flour 2 kg and Dettol Please provide your address house number 101 Vasant Vihar New Delhi Thanks will you and bring you home",
  "docLength" : 0,
  "language" : "EN",
  "status" : "READY",
  "modifiedDate" : 1586402828593,
  "documentSet" : [ ],
  "preannotation" : [ "PRE_SIRE" ],
  "sentences" : [ {
    "id" : "s0",
    "begin" : 0,
    "end" : 236,
    "text" : "98866xx9xx0\nHi Please provide your full name Vijender please please give your order black gram 2 kg onions 1 kg flour 2 kg and Dettol Please provide your address house number 101 Vasant Vihar New Delhi Thanks will you and bring you home",
    "tokens" : [ {
      "id" : "s0-t0",
      "begin" : 0,
      "end" : 11,
      "text" : "98866xx9xx0",
      "whiteSpace" : false
    }, {
      "id" : "s0-t1",
      "begin" : 12,
      "end" : 14,
      "text" : "Hi",
      "whiteSpace" : false
    }, {
      "id" : "s0-t2",
      "begin" : 15,
      "end" : 21,
      "text" : "Please",
      "whiteSpace" : false
    }, {
      "id" : "s0-t3",
      "begin" : 22,
      "end" : 29,
      "text" : "provide",
      "whiteSpace" : false
    }, {
      "id" : "s0-t4",
      "begin" : 30,
      "end" : 34,
      "text" : "your",
      "whiteSpace" : false
    }, {
      "id" : "s0-t5",
      "begin" : 35,
      "end" : 39,
      "text" : "full",
      "whiteSpace" : false
    }, {
      "id" : "s0-t6",
      "begin" : 40,
      "end" : 44,
      "text" : "name",
      "whiteSpace" : false
    }, {
      "id" : "s0-t7",
      "begin" : 45,
      "end" : 53,
      "text" : "Vijender",
      "whiteSpace" : false
    }, {
      "id" : "s0-t8",
      "begin" : 54,
      "end" : 60,
      "text" : "please",
      "whiteSpace" : false
    }, {
      "id" : "s0-t9",
      "begin" : 61,
      "end" : 67,
      "text" : "please",
      "whiteSpace" : false
    }, {
      "id" : "s0-t10",
      "begin" : 68,
      "end" : 72,
      "text" : "give",
      "whiteSpace" : false
    }, {
      "id" : "s0-t11",
      "begin" : 73,
      "end" : 77,
      "text" : "your",
      "whiteSpace" : false
    }, {
      "id" : "s0-t12",
      "begin" : 78,
      "end" : 83,
      "text" : "order",
      "whiteSpace" : false
    }, {
      "id" : "s0-t13",
      "begin" : 84,
      "end" : 89,
      "text" : "black",
      "whiteSpace" : false
    }, {
      "id" : "s0-t14",
      "begin" : 90,
      "end" : 94,
      "text" : "gram",
      "whiteSpace" : false
    }, {
      "id" : "s0-t15",
      "begin" : 95,
      "end" : 96,
      "text" : "2",
      "whiteSpace" : false
    }, {
      "id" : "s0-t16",
      "begin" : 97,
      "end" : 99,
      "text" : "kg",
      "whiteSpace" : false
    }, {
      "id" : "s0-t17",
      "begin" : 100,
      "end" : 106,
      "text" : "onions",
      "whiteSpace" : false
    }, {
      "id" : "s0-t18",
      "begin" : 107,
      "end" : 108,
      "text" : "1",
      "whiteSpace" : false
    }, {
      "id" : "s0-t19",
      "begin" : 109,
      "end" : 111,
      "text" : "kg",
      "whiteSpace" : false
    }, {
      "id" : "s0-t20",
      "begin" : 112,
      "end" : 117,
      "text" : "flour",
      "whiteSpace" : false
    }, {
      "id" : "s0-t21",
      "begin" : 118,
      "end" : 119,
      "text" : "2",
      "whiteSpace" : false
    }, {
      "id" : "s0-t22",
      "begin" : 120,
      "end" : 122,
      "text" : "kg",
      "whiteSpace" : false
    }, {
      "id" : "s0-t23",
      "begin" : 123,
      "end" : 126,
      "text" : "and",
      "whiteSpace" : false
    }, {
      "id" : "s0-t24",
      "begin" : 127,
      "end" : 133,
      "text" : "Dettol",
      "whiteSpace" : false
    }, {
      "id" : "s0-t25",
      "begin" : 134,
      "end" : 140,
      "text" : "Please",
      "whiteSpace" : false
    }, {
      "id" : "s0-t26",
      "begin" : 141,
      "end" : 148,
      "text" : "provide",
      "whiteSpace" : false
    }, {
      "id" : "s0-t27",
      "begin" : 149,
      "end" : 153,
      "text" : "your",
      "whiteSpace" : false
    }, {
      "id" : "s0-t28",
      "begin" : 154,
      "end" : 161,
      "text" : "address",
      "whiteSpace" : false
    }, {
      "id" : "s0-t29",
      "begin" : 162,
      "end" : 167,
      "text" : "house",
      "whiteSpace" : false
    }, {
      "id" : "s0-t30",
      "begin" : 168,
      "end" : 174,
      "text" : "number",
      "whiteSpace" : false
    }, {
      "id" : "s0-t31",
      "begin" : 175,
      "end" : 178,
      "text" : "101",
      "whiteSpace" : false
    }, {
      "id" : "s0-t32",
      "begin" : 179,
      "end" : 185,
      "text" : "Vasant",
      "whiteSpace" : false
    }, {
      "id" : "s0-t33",
      "begin" : 186,
      "end" : 191,
      "text" : "Vihar",
      "whiteSpace" : false
    }, {
      "id" : "s0-t34",
      "begin" : 192,
      "end" : 195,
      "text" : "New",
      "whiteSpace" : false
    }, {
      "id" : "s0-t35",
      "begin" : 196,
      "end" : 201,
      "text" : "Delhi",
      "whiteSpace" : false
    }, {
      "id" : "s0-t36",
      "begin" : 202,
      "end" : 208,
      "text" : "Thanks",
      "whiteSpace" : false
    }, {
      "id" : "s0-t37",
      "begin" : 209,
      "end" : 213,
      "text" : "will",
      "whiteSpace" : false
    }, {
      "id" : "s0-t38",
      "begin" : 214,
      "end" : 217,
      "text" : "you",
      "whiteSpace" : false
    }, {
      "id" : "s0-t39",
      "begin" : 218,
      "end" : 221,
      "text" : "and",
      "whiteSpace" : false
    }, {
      "id" : "s0-t40",
      "begin" : 222,
      "end" : 227,
      "text" : "bring",
      "whiteSpace" : false
    }, {
      "id" : "s0-t41",
      "begin" : 228,
      "end" : 231,
      "text" : "you",
      "whiteSpace" : false
    }, {
      "id" : "s0-t42",
      "begin" : 232,
      "end" : 236,
      "text" : "home",
      "whiteSpace" : false
    } ]
  } ],
  "mentions" : [ {
    "id" : "m1",
    "source" : "IMPORT",
    "properties" : {
      "SIRE_ENTITY_CLASS" : "SPC",
      "SIRE_ENTITY_LEVEL" : "NONE",
      "SIRE_ENTITY_SUBTYPE" : "NONE",
      "SIRE_MENTION_CLASS" : "SPC",
      "SIRE_MENTION_TYPE" : "NONE",
      "SIRE_MENTION_ROLE" : "CUSTOMER_PHONE"
    },
    "type" : "CUSTOMER_PHONE",
    "begin" : 0,
    "end" : 11,
    "inCoref" : false
  }, {
    "id" : "m2",
    "source" : "IMPORT",
    "properties" : {
      "SIRE_ENTITY_CLASS" : "SPC",
      "SIRE_ENTITY_LEVEL" : "NONE",
      "SIRE_ENTITY_SUBTYPE" : "NONE",
      "SIRE_MENTION_CLASS" : "SPC",
      "SIRE_MENTION_TYPE" : "NONE",
      "SIRE_MENTION_ROLE" : "CUSTOMER_NAME"
    },
    "type" : "CUSTOMER_NAME",
    "begin" : 45,
    "end" : 53,
    "inCoref" : false
  }, {
    "id" : "m3",
    "source" : "IMPORT",
    "properties" : {
      "SIRE_ENTITY_CLASS" : "SPC",
      "SIRE_ENTITY_LEVEL" : "NONE",
      "SIRE_ENTITY_SUBTYPE" : "NONE",
      "SIRE_MENTION_CLASS" : "SPC",
      "SIRE_MENTION_TYPE" : "NONE",
      "SIRE_MENTION_ROLE" : "ORDER_ITEMS"
    },
    "type" : "ORDER_ITEMS",
    "begin" : 84,
    "end" : 133,
    "inCoref" : false
  }, {
    "id" : "m4",
    "source" : "IMPORT",
    "properties" : {
      "SIRE_ENTITY_CLASS" : "SPC",
      "SIRE_ENTITY_LEVEL" : "NONE",
      "SIRE_ENTITY_SUBTYPE" : "NONE",
      "SIRE_MENTION_CLASS" : "SPC",
      "SIRE_MENTION_TYPE" : "NONE",
      "SIRE_MENTION_ROLE" : "ADDRESS"
    },
    "type" : "ADDRESS",
    "begin" : 162,
    "end" : 201,
    "inCoref" : false
  } ],
  "relations" : [ ],
  "corefs" : [ ],
  "typeResolved" : true,
  "userResolved" : false
}