{
  "id" : "ee606970-7a11-11ea-868e-457802e29801-2",
  "name" : "t11.txt",
  "createdDate" : 0,
  "version" : 3,
  "text" : "98866xx9x19\nHi Please provide your full name Praveen please please give your order Black gram 2 kg Ghee 1 kg Cookies 9 Rice 10 kgs Ghee 1 kg Ghee 1 kg whole gram 2 kg whole gram 2 kg Rice 10 kgs and Dettol Please provide your address House number 100 Ghaziabad UP 515042 Thanks will you and bring you home",
  "docLength" : 0,
  "language" : "EN",
  "status" : "READY",
  "modifiedDate" : 1586402828593,
  "documentSet" : [ ],
  "preannotation" : [ "PRE_SIRE" ],
  "sentences" : [ {
    "id" : "s0",
    "begin" : 0,
    "end" : 305,
    "text" : "98866xx9x19\nHi Please provide your full name Praveen please please give your order Black gram 2 kg Ghee 1 kg Cookies 9 Rice 10 kgs Ghee 1 kg Ghee 1 kg whole gram 2 kg whole gram 2 kg Rice 10 kgs and Dettol Please provide your address House number 100 Ghaziabad UP 515042 Thanks will you and bring you home",
    "tokens" : [ {
      "id" : "s0-t0",
      "begin" : 0,
      "end" : 11,
      "text" : "98866xx9x19",
      "whiteSpace" : false
    }, {
      "id" : "s0-t1",
      "begin" : 12,
      "end" : 14,
      "text" : "Hi",
      "whiteSpace" : false
    }, {
      "id" : "s0-t2",
      "begin" : 15,
      "end" : 21,
      "text" : "Please",
      "whiteSpace" : false
    }, {
      "id" : "s0-t3",
      "begin" : 22,
      "end" : 29,
      "text" : "provide",
      "whiteSpace" : false
    }, {
      "id" : "s0-t4",
      "begin" : 30,
      "end" : 34,
      "text" : "your",
      "whiteSpace" : false
    }, {
      "id" : "s0-t5",
      "begin" : 35,
      "end" : 39,
      "text" : "full",
      "whiteSpace" : false
    }, {
      "id" : "s0-t6",
      "begin" : 40,
      "end" : 44,
      "text" : "name",
      "whiteSpace" : false
    }, {
      "id" : "s0-t7",
      "begin" : 45,
      "end" : 52,
      "text" : "Praveen",
      "whiteSpace" : false
    }, {
      "id" : "s0-t8",
      "begin" : 53,
      "end" : 59,
      "text" : "please",
      "whiteSpace" : false
    }, {
      "id" : "s0-t9",
      "begin" : 60,
      "end" : 66,
      "text" : "please",
      "whiteSpace" : false
    }, {
      "id" : "s0-t10",
      "begin" : 67,
      "end" : 71,
      "text" : "give",
      "whiteSpace" : false
    }, {
      "id" : "s0-t11",
      "begin" : 72,
      "end" : 76,
      "text" : "your",
      "whiteSpace" : false
    }, {
      "id" : "s0-t12",
      "begin" : 77,
      "end" : 82,
      "text" : "order",
      "whiteSpace" : false
    }, {
      "id" : "s0-t13",
      "begin" : 83,
      "end" : 88,
      "text" : "Black",
      "whiteSpace" : false
    }, {
      "id" : "s0-t14",
      "begin" : 89,
      "end" : 93,
      "text" : "gram",
      "whiteSpace" : false
    }, {
      "id" : "s0-t15",
      "begin" : 94,
      "end" : 95,
      "text" : "2",
      "whiteSpace" : false
    }, {
      "id" : "s0-t16",
      "begin" : 96,
      "end" : 98,
      "text" : "kg",
      "whiteSpace" : false
    }, {
      "id" : "s0-t17",
      "begin" : 99,
      "end" : 103,
      "text" : "Ghee",
      "whiteSpace" : false
    }, {
      "id" : "s0-t18",
      "begin" : 104,
      "end" : 105,
      "text" : "1",
      "whiteSpace" : false
    }, {
      "id" : "s0-t19",
      "begin" : 106,
      "end" : 108,
      "text" : "kg",
      "whiteSpace" : false
    }, {
      "id" : "s0-t20",
      "begin" : 109,
      "end" : 116,
      "text" : "Cookies",
      "whiteSpace" : false
    }, {
      "id" : "s0-t21",
      "begin" : 117,
      "end" : 118,
      "text" : "9",
      "whiteSpace" : false
    }, {
      "id" : "s0-t22",
      "begin" : 119,
      "end" : 123,
      "text" : "Rice",
      "whiteSpace" : false
    }, {
      "id" : "s0-t23",
      "begin" : 124,
      "end" : 126,
      "text" : "10",
      "whiteSpace" : false
    }, {
      "id" : "s0-t24",
      "begin" : 127,
      "end" : 130,
      "text" : "kgs",
      "whiteSpace" : false
    }, {
      "id" : "s0-t25",
      "begin" : 131,
      "end" : 135,
      "text" : "Ghee",
      "whiteSpace" : false
    }, {
      "id" : "s0-t26",
      "begin" : 136,
      "end" : 137,
      "text" : "1",
      "whiteSpace" : false
    }, {
      "id" : "s0-t27",
      "begin" : 138,
      "end" : 140,
      "text" : "kg",
      "whiteSpace" : false
    }, {
      "id" : "s0-t28",
      "begin" : 141,
      "end" : 145,
      "text" : "Ghee",
      "whiteSpace" : false
    }, {
      "id" : "s0-t29",
      "begin" : 146,
      "end" : 147,
      "text" : "1",
      "whiteSpace" : false
    }, {
      "id" : "s0-t30",
      "begin" : 148,
      "end" : 150,
      "text" : "kg",
      "whiteSpace" : false
    }, {
      "id" : "s0-t31",
      "begin" : 151,
      "end" : 156,
      "text" : "whole",
      "whiteSpace" : false
    }, {
      "id" : "s0-t32",
      "begin" : 157,
      "end" : 161,
      "text" : "gram",
      "whiteSpace" : false
    }, {
      "id" : "s0-t33",
      "begin" : 162,
      "end" : 163,
      "text" : "2",
      "whiteSpace" : false
    }, {
      "id" : "s0-t34",
      "begin" : 164,
      "end" : 166,
      "text" : "kg",
      "whiteSpace" : false
    }, {
      "id" : "s0-t35",
      "begin" : 167,
      "end" : 172,
      "text" : "whole",
      "whiteSpace" : false
    }, {
      "id" : "s0-t36",
      "begin" : 173,
      "end" : 177,
      "text" : "gram",
      "whiteSpace" : false
    }, {
      "id" : "s0-t37",
      "begin" : 178,
      "end" : 179,
      "text" : "2",
      "whiteSpace" : false
    }, {
      "id" : "s0-t38",
      "begin" : 180,
      "end" : 182,
      "text" : "kg",
      "whiteSpace" : false
    }, {
      "id" : "s0-t39",
      "begin" : 183,
      "end" : 187,
      "text" : "Rice",
      "whiteSpace" : false
    }, {
      "id" : "s0-t40",
      "begin" : 188,
      "end" : 190,
      "text" : "10",
      "whiteSpace" : false
    }, {
      "id" : "s0-t41",
      "begin" : 191,
      "end" : 194,
      "text" : "kgs",
      "whiteSpace" : false
    }, {
      "id" : "s0-t42",
      "begin" : 195,
      "end" : 198,
      "text" : "and",
      "whiteSpace" : false
    }, {
      "id" : "s0-t43",
      "begin" : 199,
      "end" : 205,
      "text" : "Dettol",
      "whiteSpace" : false
    }, {
      "id" : "s0-t44",
      "begin" : 206,
      "end" : 212,
      "text" : "Please",
      "whiteSpace" : false
    }, {
      "id" : "s0-t45",
      "begin" : 213,
      "end" : 220,
      "text" : "provide",
      "whiteSpace" : false
    }, {
      "id" : "s0-t46",
      "begin" : 221,
      "end" : 225,
      "text" : "your",
      "whiteSpace" : false
    }, {
      "id" : "s0-t47",
      "begin" : 226,
      "end" : 233,
      "text" : "address",
      "whiteSpace" : false
    }, {
      "id" : "s0-t48",
      "begin" : 234,
      "end" : 239,
      "text" : "House",
      "whiteSpace" : false
    }, {
      "id" : "s0-t49",
      "begin" : 240,
      "end" : 246,
      "text" : "number",
      "whiteSpace" : false
    }, {
      "id" : "s0-t50",
      "begin" : 247,
      "end" : 250,
      "text" : "100",
      "whiteSpace" : false
    }, {
      "id" : "s0-t51",
      "begin" : 251,
      "end" : 260,
      "text" : "Ghaziabad",
      "whiteSpace" : false
    }, {
      "id" : "s0-t52",
      "begin" : 261,
      "end" : 263,
      "text" : "UP",
      "whiteSpace" : false
    }, {
      "id" : "s0-t53",
      "begin" : 264,
      "end" : 270,
      "text" : "515042",
      "whiteSpace" : false
    }, {
      "id" : "s0-t54",
      "begin" : 271,
      "end" : 277,
      "text" : "Thanks",
      "whiteSpace" : false
    }, {
      "id" : "s0-t55",
      "begin" : 278,
      "end" : 282,
      "text" : "will",
      "whiteSpace" : false
    }, {
      "id" : "s0-t56",
      "begin" : 283,
      "end" : 286,
      "text" : "you",
      "whiteSpace" : false
    }, {
      "id" : "s0-t57",
      "begin" : 287,
      "end" : 290,
      "text" : "and",
      "whiteSpace" : false
    }, {
      "id" : "s0-t58",
      "begin" : 291,
      "end" : 296,
      "text" : "bring",
      "whiteSpace" : false
    }, {
      "id" : "s0-t59",
      "begin" : 297,
      "end" : 300,
      "text" : "you",
      "whiteSpace" : false
    }, {
      "id" : "s0-t60",
      "begin" : 301,
      "end" : 305,
      "text" : "home",
      "whiteSpace" : false
    } ]
  } ],
  "mentions" : [ {
    "id" : "m1",
    "source" : "IMPORT",
    "properties" : {
      "SIRE_ENTITY_CLASS" : "SPC",
      "SIRE_ENTITY_LEVEL" : "NONE",
      "SIRE_ENTITY_SUBTYPE" : "NONE",
      "SIRE_MENTION_CLASS" : "SPC",
      "SIRE_MENTION_TYPE" : "NONE",
      "SIRE_MENTION_ROLE" : "CUSTOMER_PHONE"
    },
    "type" : "CUSTOMER_PHONE",
    "begin" : 0,
    "end" : 11,
    "inCoref" : false
  }, {
    "id" : "m2",
    "source" : "IMPORT",
    "properties" : {
      "SIRE_ENTITY_CLASS" : "SPC",
      "SIRE_ENTITY_LEVEL" : "NONE",
      "SIRE_ENTITY_SUBTYPE" : "NONE",
      "SIRE_MENTION_CLASS" : "SPC",
      "SIRE_MENTION_TYPE" : "NONE",
      "SIRE_MENTION_ROLE" : "CUSTOMER_NAME"
    },
    "type" : "CUSTOMER_NAME",
    "begin" : 45,
    "end" : 52,
    "inCoref" : false
  }, {
    "id" : "m3",
    "source" : "IMPORT",
    "properties" : {
      "SIRE_ENTITY_CLASS" : "SPC",
      "SIRE_ENTITY_LEVEL" : "NONE",
      "SIRE_ENTITY_SUBTYPE" : "NONE",
      "SIRE_MENTION_CLASS" : "SPC",
      "SIRE_MENTION_TYPE" : "NONE",
      "SIRE_MENTION_ROLE" : "ORDER_ITEMS"
    },
    "type" : "ORDER_ITEMS",
    "begin" : 83,
    "end" : 205,
    "inCoref" : false
  }, {
    "id" : "m4",
    "source" : "IMPORT",
    "properties" : {
      "SIRE_ENTITY_CLASS" : "SPC",
      "SIRE_ENTITY_LEVEL" : "NONE",
      "SIRE_ENTITY_SUBTYPE" : "NONE",
      "SIRE_MENTION_CLASS" : "SPC",
      "SIRE_MENTION_TYPE" : "NONE",
      "SIRE_MENTION_ROLE" : "ADDRESS"
    },
    "type" : "ADDRESS",
    "begin" : 234,
    "end" : 270,
    "inCoref" : false
  } ],
  "relations" : [ ],
  "corefs" : [ ],
  "typeResolved" : true,
  "userResolved" : false
}