{
  "id" : "ee606970-7a11-11ea-868e-457802e29801-1",
  "name" : "t12.txt",
  "createdDate" : 0,
  "version" : 3,
  "text" : "98866xxX100\nHi Please provide your full name Ranveer please please give your order Black gram 2 kg Bananans 1 kg Cookies 9 Rice 10 kgs Ghee 1 kg Ghee 1 kg whole gram 2 kg whole gram 2 kg Rice 10 kgs and Dettol Please provide your address House number 100 Ghaziabad UP 515042 Thanks will you and bring you home",
  "docLength" : 0,
  "language" : "EN",
  "status" : "READY",
  "modifiedDate" : 1586402828593,
  "documentSet" : [ ],
  "preannotation" : [ "PRE_SIRE" ],
  "sentences" : [ {
    "id" : "s0",
    "begin" : 0,
    "end" : 309,
    "text" : "98866xxX100\nHi Please provide your full name Ranveer please please give your order Black gram 2 kg Bananans 1 kg Cookies 9 Rice 10 kgs Ghee 1 kg Ghee 1 kg whole gram 2 kg whole gram 2 kg Rice 10 kgs and Dettol Please provide your address House number 100 Ghaziabad UP 515042 Thanks will you and bring you home",
    "tokens" : [ {
      "id" : "s0-t0",
      "begin" : 0,
      "end" : 11,
      "text" : "98866xxX100",
      "whiteSpace" : false
    }, {
      "id" : "s0-t1",
      "begin" : 12,
      "end" : 14,
      "text" : "Hi",
      "whiteSpace" : false
    }, {
      "id" : "s0-t2",
      "begin" : 15,
      "end" : 21,
      "text" : "Please",
      "whiteSpace" : false
    }, {
      "id" : "s0-t3",
      "begin" : 22,
      "end" : 29,
      "text" : "provide",
      "whiteSpace" : false
    }, {
      "id" : "s0-t4",
      "begin" : 30,
      "end" : 34,
      "text" : "your",
      "whiteSpace" : false
    }, {
      "id" : "s0-t5",
      "begin" : 35,
      "end" : 39,
      "text" : "full",
      "whiteSpace" : false
    }, {
      "id" : "s0-t6",
      "begin" : 40,
      "end" : 44,
      "text" : "name",
      "whiteSpace" : false
    }, {
      "id" : "s0-t7",
      "begin" : 45,
      "end" : 52,
      "text" : "Ranveer",
      "whiteSpace" : false
    }, {
      "id" : "s0-t8",
      "begin" : 53,
      "end" : 59,
      "text" : "please",
      "whiteSpace" : false
    }, {
      "id" : "s0-t9",
      "begin" : 60,
      "end" : 66,
      "text" : "please",
      "whiteSpace" : false
    }, {
      "id" : "s0-t10",
      "begin" : 67,
      "end" : 71,
      "text" : "give",
      "whiteSpace" : false
    }, {
      "id" : "s0-t11",
      "begin" : 72,
      "end" : 76,
      "text" : "your",
      "whiteSpace" : false
    }, {
      "id" : "s0-t12",
      "begin" : 77,
      "end" : 82,
      "text" : "order",
      "whiteSpace" : false
    }, {
      "id" : "s0-t13",
      "begin" : 83,
      "end" : 88,
      "text" : "Black",
      "whiteSpace" : false
    }, {
      "id" : "s0-t14",
      "begin" : 89,
      "end" : 93,
      "text" : "gram",
      "whiteSpace" : false
    }, {
      "id" : "s0-t15",
      "begin" : 94,
      "end" : 95,
      "text" : "2",
      "whiteSpace" : false
    }, {
      "id" : "s0-t16",
      "begin" : 96,
      "end" : 98,
      "text" : "kg",
      "whiteSpace" : false
    }, {
      "id" : "s0-t17",
      "begin" : 99,
      "end" : 107,
      "text" : "Bananans",
      "whiteSpace" : false
    }, {
      "id" : "s0-t18",
      "begin" : 108,
      "end" : 109,
      "text" : "1",
      "whiteSpace" : false
    }, {
      "id" : "s0-t19",
      "begin" : 110,
      "end" : 112,
      "text" : "kg",
      "whiteSpace" : false
    }, {
      "id" : "s0-t20",
      "begin" : 113,
      "end" : 120,
      "text" : "Cookies",
      "whiteSpace" : false
    }, {
      "id" : "s0-t21",
      "begin" : 121,
      "end" : 122,
      "text" : "9",
      "whiteSpace" : false
    }, {
      "id" : "s0-t22",
      "begin" : 123,
      "end" : 127,
      "text" : "Rice",
      "whiteSpace" : false
    }, {
      "id" : "s0-t23",
      "begin" : 128,
      "end" : 130,
      "text" : "10",
      "whiteSpace" : false
    }, {
      "id" : "s0-t24",
      "begin" : 131,
      "end" : 134,
      "text" : "kgs",
      "whiteSpace" : false
    }, {
      "id" : "s0-t25",
      "begin" : 135,
      "end" : 139,
      "text" : "Ghee",
      "whiteSpace" : false
    }, {
      "id" : "s0-t26",
      "begin" : 140,
      "end" : 141,
      "text" : "1",
      "whiteSpace" : false
    }, {
      "id" : "s0-t27",
      "begin" : 142,
      "end" : 144,
      "text" : "kg",
      "whiteSpace" : false
    }, {
      "id" : "s0-t28",
      "begin" : 145,
      "end" : 149,
      "text" : "Ghee",
      "whiteSpace" : false
    }, {
      "id" : "s0-t29",
      "begin" : 150,
      "end" : 151,
      "text" : "1",
      "whiteSpace" : false
    }, {
      "id" : "s0-t30",
      "begin" : 152,
      "end" : 154,
      "text" : "kg",
      "whiteSpace" : false
    }, {
      "id" : "s0-t31",
      "begin" : 155,
      "end" : 160,
      "text" : "whole",
      "whiteSpace" : false
    }, {
      "id" : "s0-t32",
      "begin" : 161,
      "end" : 165,
      "text" : "gram",
      "whiteSpace" : false
    }, {
      "id" : "s0-t33",
      "begin" : 166,
      "end" : 167,
      "text" : "2",
      "whiteSpace" : false
    }, {
      "id" : "s0-t34",
      "begin" : 168,
      "end" : 170,
      "text" : "kg",
      "whiteSpace" : false
    }, {
      "id" : "s0-t35",
      "begin" : 171,
      "end" : 176,
      "text" : "whole",
      "whiteSpace" : false
    }, {
      "id" : "s0-t36",
      "begin" : 177,
      "end" : 181,
      "text" : "gram",
      "whiteSpace" : false
    }, {
      "id" : "s0-t37",
      "begin" : 182,
      "end" : 183,
      "text" : "2",
      "whiteSpace" : false
    }, {
      "id" : "s0-t38",
      "begin" : 184,
      "end" : 186,
      "text" : "kg",
      "whiteSpace" : false
    }, {
      "id" : "s0-t39",
      "begin" : 187,
      "end" : 191,
      "text" : "Rice",
      "whiteSpace" : false
    }, {
      "id" : "s0-t40",
      "begin" : 192,
      "end" : 194,
      "text" : "10",
      "whiteSpace" : false
    }, {
      "id" : "s0-t41",
      "begin" : 195,
      "end" : 198,
      "text" : "kgs",
      "whiteSpace" : false
    }, {
      "id" : "s0-t42",
      "begin" : 199,
      "end" : 202,
      "text" : "and",
      "whiteSpace" : false
    }, {
      "id" : "s0-t43",
      "begin" : 203,
      "end" : 209,
      "text" : "Dettol",
      "whiteSpace" : false
    }, {
      "id" : "s0-t44",
      "begin" : 210,
      "end" : 216,
      "text" : "Please",
      "whiteSpace" : false
    }, {
      "id" : "s0-t45",
      "begin" : 217,
      "end" : 224,
      "text" : "provide",
      "whiteSpace" : false
    }, {
      "id" : "s0-t46",
      "begin" : 225,
      "end" : 229,
      "text" : "your",
      "whiteSpace" : false
    }, {
      "id" : "s0-t47",
      "begin" : 230,
      "end" : 237,
      "text" : "address",
      "whiteSpace" : false
    }, {
      "id" : "s0-t48",
      "begin" : 238,
      "end" : 243,
      "text" : "House",
      "whiteSpace" : false
    }, {
      "id" : "s0-t49",
      "begin" : 244,
      "end" : 250,
      "text" : "number",
      "whiteSpace" : false
    }, {
      "id" : "s0-t50",
      "begin" : 251,
      "end" : 254,
      "text" : "100",
      "whiteSpace" : false
    }, {
      "id" : "s0-t51",
      "begin" : 255,
      "end" : 264,
      "text" : "Ghaziabad",
      "whiteSpace" : false
    }, {
      "id" : "s0-t52",
      "begin" : 265,
      "end" : 267,
      "text" : "UP",
      "whiteSpace" : false
    }, {
      "id" : "s0-t53",
      "begin" : 268,
      "end" : 274,
      "text" : "515042",
      "whiteSpace" : false
    }, {
      "id" : "s0-t54",
      "begin" : 275,
      "end" : 281,
      "text" : "Thanks",
      "whiteSpace" : false
    }, {
      "id" : "s0-t55",
      "begin" : 282,
      "end" : 286,
      "text" : "will",
      "whiteSpace" : false
    }, {
      "id" : "s0-t56",
      "begin" : 287,
      "end" : 290,
      "text" : "you",
      "whiteSpace" : false
    }, {
      "id" : "s0-t57",
      "begin" : 291,
      "end" : 294,
      "text" : "and",
      "whiteSpace" : false
    }, {
      "id" : "s0-t58",
      "begin" : 295,
      "end" : 300,
      "text" : "bring",
      "whiteSpace" : false
    }, {
      "id" : "s0-t59",
      "begin" : 301,
      "end" : 304,
      "text" : "you",
      "whiteSpace" : false
    }, {
      "id" : "s0-t60",
      "begin" : 305,
      "end" : 309,
      "text" : "home",
      "whiteSpace" : false
    } ]
  } ],
  "mentions" : [ {
    "id" : "m1",
    "source" : "IMPORT",
    "properties" : {
      "SIRE_ENTITY_CLASS" : "SPC",
      "SIRE_ENTITY_LEVEL" : "NONE",
      "SIRE_ENTITY_SUBTYPE" : "NONE",
      "SIRE_MENTION_CLASS" : "SPC",
      "SIRE_MENTION_TYPE" : "NONE",
      "SIRE_MENTION_ROLE" : "CUSTOMER_PHONE"
    },
    "type" : "CUSTOMER_PHONE",
    "begin" : 0,
    "end" : 11,
    "inCoref" : false
  }, {
    "id" : "m2",
    "source" : "IMPORT",
    "properties" : {
      "SIRE_ENTITY_CLASS" : "SPC",
      "SIRE_ENTITY_LEVEL" : "NONE",
      "SIRE_ENTITY_SUBTYPE" : "NONE",
      "SIRE_MENTION_CLASS" : "SPC",
      "SIRE_MENTION_TYPE" : "NONE",
      "SIRE_MENTION_ROLE" : "CUSTOMER_NAME"
    },
    "type" : "CUSTOMER_NAME",
    "begin" : 45,
    "end" : 52,
    "inCoref" : false
  }, {
    "id" : "m3",
    "source" : "IMPORT",
    "properties" : {
      "SIRE_ENTITY_CLASS" : "SPC",
      "SIRE_ENTITY_LEVEL" : "NONE",
      "SIRE_ENTITY_SUBTYPE" : "NONE",
      "SIRE_MENTION_CLASS" : "SPC",
      "SIRE_MENTION_TYPE" : "NONE",
      "SIRE_MENTION_ROLE" : "ORDER_ITEMS"
    },
    "type" : "ORDER_ITEMS",
    "begin" : 83,
    "end" : 209,
    "inCoref" : false
  }, {
    "id" : "m4",
    "source" : "IMPORT",
    "properties" : {
      "SIRE_ENTITY_CLASS" : "SPC",
      "SIRE_ENTITY_LEVEL" : "NONE",
      "SIRE_ENTITY_SUBTYPE" : "NONE",
      "SIRE_MENTION_CLASS" : "SPC",
      "SIRE_MENTION_TYPE" : "NONE",
      "SIRE_MENTION_ROLE" : "ADDRESS"
    },
    "type" : "ADDRESS",
    "begin" : 238,
    "end" : 274,
    "inCoref" : false
  } ],
  "relations" : [ ],
  "corefs" : [ ],
  "typeResolved" : true,
  "userResolved" : false
}